4	«Замминистра здравоохранения» ЛНР перепутал лечение с болезнью	&quot;Замминистра здравоохранения ЛНР&quot; Демьян Пархомчук во время последнего заседания &quot;Совета министров ЛНР&quot; в захваченном боевиками Луганске назвал гемодиализ болезнью.
4	«Оппозиционный блок» жалуется на притеснения	Пресс-служба Левочкина прислала ссылку на заявления с обвинениями местной власти в намерениях снять &quot;Оппозиционный блок&quot; с выборов и с возмущением по поводу регистрации двойника Вилкула. Однако о снятии или нерегистрации кандидатов от &quot;Оппозиционного блока&quot; в Днепропетровске никакой информации нет.
3	71 тысяча военных в Украине получили участника боевых действий в Донбассе - Хартия'97	" ""Те, кто уже закончил свою войну, и те, кто находится в зоне АТО, по Вооруженным силам  Украины  - это 104 тысячи человек. На сегодня из них имеют право получить статус участника  боевых действий  92 тысячи. Реально уже получили статус участника  боевых действий  71 тыс.и 65,5 ... "
3	71 тысяча военных в Украине получили участника боевых действий в Донбассе - Хартия'97	" ""Те, кто уже закончил свою войну, и те, кто находится в зоне АТО, по Вооруженным силам  Украины  - это 104 тысячи человек. На сегодня из них имеют право получить статус участника  боевых действий  92 тысячи. Реально уже получили статус участника  боевых действий  71 тыс.и 65,5 ... "
4	Антон Поступаленко: «Не хочется, чтобы Металлург исчез»	Полузащитник донецкого &quot;Олимпика&quot; Антон Поступаленко прокомментировал выездную победу своей команды над запорожским &quot;Металлургом&quot; (0-3): - Сложный матч получился сегодня. Хотя игра и вовсе могла не состояться.
3	Аслунд: Чтобы забыли об Украине, Путину необходима победоносная война в Сирии - GORDONUA.COM	" ""Нанося удары по Сирии, Путин преследует много интересов. Ему нужно, чтобы забыли об  Украине , и для этого необходима победоносная  война . Он хочет, чтобы США и западный мир поддержали его, и надеется, что так можно уменьшить санкции. Он очень хочет изменить неудачную ... "
0	Боевики «ДНР» и их московские кураторы уже убивают друг друга	Во временно оккупированном Дебальцеве на мине подорвались трое полевых командиров 7-го артдивизиона ДНР &quot;Гвоздика&quot;. Среди погибших: командир артдивизиона Олег Башкардинов по кличке &quot;Михалыч&quot; и его приспешники Александр Захарианц по кличке &quot;Захар&quot; и Роман Фирсов по кличке &quot;Итальянец&quot;.
0	Боевики ДНР и ЛНР за сутки 2 раз обстреляли силы АТО	Боевики самопровозглашенных Донецкой и Луганской народных республик (ДНР и ЛНР) в ночь с 30 сентября на 1 октября открывали огонь по позициям украинских бойцов на востоке Украины два раза.
0	Боевики начали обстреливать друг-друга возле Горловки	Бойцы АТО предполагают, что террористы обстреливают позиции друг друга, чтобы обвинить украинскую сторону впоследствии перед миссией ОБСЕ в нарушении минских соглашений.
2	Боевики не бросили своего «грязного» дела, хотя перестали стрелять	На протяжении прошедших суток не зафиксировано ни одного обстрела в зоне проведения АТО на востоке Украины. Об этом сегодня во время брифинга сообщил представитель Администрации Президента по вопросам АТО Андрей Лысенко.
3	Боец «Правого сектора»: На самом деле боевые действия продолжаются, в больницу каждый день привозят раненых - FaceNews.ua	 В сравнении с прошлой весной  боевых действий  действительно нет, но раненых в больницу привозят каждый день, подчеркивает Белозерская. В разговоре с FaceNews она сообщила, что прекращение огня на условиях Путина дестабилизирует  Украину . «Это будет не украинский ... 
0	Боец АТО получил ранения во время преследования вражеской ДРГ	За прошедшие сутки в зоне АТО в схватке с диверсионно-разведывательной группой противника ранения получил один украинский военный. Об этом сообщил спикер АП по вопросам АТО Андрей Лысенко, новость передает &quot;Пресса Украины&quot;.
3	Более 11 тыс. пограничников получили статус участника боевых действий	С начала антитеррористической операции на востоке Украины статус участника боевых действий уже получили более 11300 пограничников. Об этом УНН сообщили в пресс-службе ГПСУ.
3	Боровой: Путин теряет первоначальный интерес к войне в Украине - Обозреватель	"Президент России Владимир Путин теряет первоначальный интерес к войне против Украины , так как он не смог выполнить свой первоначальный план. Об этом заявил российский оппозиционер Константин Боровой, передает ""Апостроф"". ""Быстрого разрешения ситуации в Украине не ..."
3	Бывший боевик вернулся в семью и решил помогать СБУ	Очередной боевик &quot;ДНР&quot; и &quot;ЛНР&quot; решил вернуться на подконтрольную украинской власти территорию. Как сообщает пресс-служба СБУ, террорист теперь помагает следствию и оказывает украинским спецслужбам любую помощь. Боевик разочаровался в идеалах, пропагандируемых в зоне АТО.
4	В «ДНР» террористы разграбили квартиру футболиста «Динамо»	Бразильский нападающий киевского &quot;Динамо&quot; Жуниор Мораес стал жертвой пророссийских террористов в Донецке. Квартиру, в которой футболист проживал во время выступлений за донецкий &quot;Металлург&quot;, попросту разграбили.
1	В ДНР заморозили отвод вооружений из-за обстрелов со стороны ВСУ	Александр Захарченко сообщил о том, что со стороны ВСУ ведутся обстрелы территории республики, в том числе — с применением тяжелых вооружений. Он обвинил Украину в нарушении Минских соглашений и заявил о приостановке процесса отвода вооружений в ДНР.
1	В ДНР заморозили отвод вооружений из-за обстрелов со стороны ВСУ	Самопровозглашенная Донецкая народная республики не начала отвода вооружений калибром менее 100 миллиметров из-за ночного обстрела Донецка. Об этом заявил глава &quot;ДНР&quot; Александр Захарченко, пишет сайт dnr-news.com.
4	В Донецке боевики разграбили квартиру футболиста «Динамо»	В оккупированном Донецке боевики террористической ДНР разграбили квартиру бразильского нападающего ФК &quot;Динамо&quot; Киев Жуниора Мораеса, передает vkulake.com. Об этом футболист рассказал в своем интервью.
4	В Донецке разграбили квартиру футболиста киевского «Динамо»	Бразильский нападающий киевского &quot;Динамо&quot; Жуниор Мораес стал жертвой пророссийских террористов в Донецке. Квартиру, в которой футболист проживал во время выступлений за донецкий &quot;Металлург&quot;, попросту разграбили.
3	В Донецкой области будут судить корректировщицу огня	Благодаря скоординированным мерам прокуратурой Донецкой области совместно с ГУМВД Украины в Донецкой области в июне текущего года террористку задержали и арестовали. Ей грозит до 15 лет лишения свободы.
1	В Донецкой области создан новый спецбатальон	В Донецкой области создано подразделение быстрого реагирования в зоне АТО Как сообщает пресс-служба ГУ МВД в Донецкой области, батальон патрульной службы милиции &quot;Артемовск&quot; и рота &quot;Туман&quot; расформированы. На их базе сформирован новый батальон.
1	В Донецкой области сформирован новый батальон быстрого реагирования	Приказом МВД Украины батальон патрульной службы милиции особого назначения &quot;Артемовск&quot; и рота &quot;Туман&quot; расформованы. Из лучших бойцов, большинство из которых прошли такие &quot;горячие точки&quot;, как Дебальцево, создано новое отдельное подразделение быстрого реагирования на экстренные ситуации.
0	В зоне АТО военный и мирный житель подорвались на растяжках	Вблизи Станицы Луганской боец пострадал, подорвавшись на растяжке. А в районе Счастья, как сообщалось ранее, в результате взрыва растяжки с гранатой ранен мирный житель. Напоминаем, что оба населенных пункта находятся на линии разграничения.
2	В зоне АТО за сутки обстрелов не было – спикер АП	За минувшие сутки в зоне проведения антитеррористической операции на востоке Украины обстрелов не было, сказал представитель Администрации президента по вопросам АТО Андрей Лысенко.
0	В зоне АТО за сутки ранен один боец, погибших нет	В зоне проведения антитеррористической операции (АТО) на Донбассе за минувшие сутки, 5 октября, был ранен один украинский военнослужащий, погибших нет.
0	В зоне АТО за сутки ранен один военный	В зоне проведения АТО на Донбассе за минувшие сутки ранен один украинский военный, погибших нет Об этом в ходе брифинга сообщил спикер сил АТО полковник Андрей Лысенко, пишет &quot;РБК-Украина&quot;.
1	В зоне АТО продолжается «тишина», двое бойцов подорвались на растяжках	За минувшие сутки в результате боевых действий в зоне АТО ни один из украинских военнослужащих не погиб. Об этом на брифинге 4 октября заявил представитель АП по вопросам АТО Андрей Лысенко.
0	В зоне АТО солдат и мирный житель подорвались на растяжках	Двое украинских военных подорвались на растяжках на донецком направлении в зоне АТО, погибших за минувшие сутки нет. Об этом сообщил спикер администрации президента Украины по вопросам АТО Андрей Лысенко на брифинге в воскресенье в Киеве.
	В Краматорске найден очередной тайник с оружием	По информации пресс-службы, в тайнике, который располагался на берегу реки Верхний Торец, было найдено два автомата Калашникова и 56 патронов. В настоящее время оружие изъято и направлено на экспертизу. Правоохранители устанавливают владельца оружия.
3	В Луганске боевики хотят порезать провода контактной сети трамваев	Движение трамваев прекращено с июля прошлого года. В Луганске назначенные боевиками власти города поручили коммунальной службе демонтировать все трамвайные контактные сети. Такое решение ставленники наемников объясняют фактами хищения проводов.
2	В Луганске возобновлена подача электроэнергии	О возобновлении подачи электричества сегодня, 4 октября, заявила пресс-служба энергохолдинга ДТЭК. Как говорится в сообщении, с 10:00 луганская ТЭС работает в штатном режиме. В северной части области все жители снова получают электроэнергию, начиная с 5:30 утра.
3	В Луганске официально вырежут трамвайную сеть	Сообщает пропагандистский сепаратистский ресурс ЛИЦ. &quot;Глава&quot; города Манолис Пилавов распорядился срезать и опечатать на складах электролинии и другое трамвайное оборудование, потому что и так воруют. Таким образом управленцы стараются сохранить их до &quot;возобновления движения трамваев в Луганске&quot;.
1	В Луганской области арестовали боевика «народной милиции» ЛНР	В Луганской области арестовали жителя пгт Меловое, который был членом &quot;11-го территориального батальона народной милиции&quot; так называемой &quot;Луганской народной республики&quot; (ЛНР). Об этом говорится в сообщении пресс-службы прокуратуры Луганской области.
2	В Луганской области продолжается отвод украинских танков	Сегодня, 6 октября, украинские военнослужащие продолжат отводить танки с передовых позиций в Луганской области. &quot;Долгожданное перемирие позволяет реализовать практическую часть отвода техники и вооружения калибром менее 100 мм от линии разграничения&quot;, - отметили в пресс-центре АТО.
4	В Луганской области хотят разобрать узкоколейку	В Попасной зампредседателя ЛОВГА Юрий Клименко провел совещание с силовиками и военными по борьбе с незаконным перемещением товаров через линию разграничения, по итогам которого было принято разобрать в населенном пункте Золотом узкоколейку, по которой на самодельной дрезине незаконно перевозили товар.
2	В прифронтовую Красногоровку возвращаются жители	Жители города Красногоровка, что на Донетчине, возвращаются к своим жилищам. К такому решению подтолкнуло людей затишье, которое сейчас проходит на территории Донецкой и Луганской областей. Об этом рассказали в пресс-службе МВД. Новость передает «Пресса Украины».
1	В районе АТО задержали очередную информаторку террористов	В пгт Мироновский Артемовского района Донецкой области Служба безопасности Украины совместно с военной прокуратурой сил АТО задержала информаторку террористов.
0	В Свердловске боевики ЛНР похитили пастора евангельской церкви	В оккупированном Свердловске Луганской области 27 сентября боевики захватили в плен пастора церкви христиан веры евангельской (ХВЕ) Тараса Сеня. Об этом сообщили на сайте Института религиозной свободы.
3	В Станице Луганской ведутся работы по оборудованию пешего перехода	В Станице Луганской прошло выездное совещание. Участие в нем приняли Юрий Клименко, замруководителя ЛОВГА, Евгений Андрущенко, начальник Луганского погранотряда, Олег Козловский, руководитель облуправления СБУ, а также силовики и руководство района.
3	В Станице Луганской готовятся к открытию пешеходного пункта пропуска	В Станице Луганской состоялось выездное совещание с участием заместителя руководителя Луганской облгосадминистрации Юрия Клименко, начальника Луганского пограничного отряда Евгения Андрущенко, начальника Управления СБУ в Луганской области Олега Козловского, военных, силовиков и руководства района по поводу открытия пешеходного пункта пропуска.
0	В Счастье вышли из строя 2 энергоблока ТЭЦ. Луганщина была обесточена	На ТЭЦ в г. Счастье (Луганская область) по техническим причинам вышли из строя два энергоблока. Об этом в Facebook сообщила замглавы Луганской областной военно-гражданской администрации Ольга Лишик. Отключение произошло в ночь на 4 октября.
3	В Украине беженцы из Сирии рассказали о жизни в Дамаске и смерти от бомбардировок - Последние новости в мире	"Авиакомпания, которая привезла беженцев , готова помогать и дальше. Ее руководитель, сириец по происхождению, уже 13 лет живет в Украине . ""Мы сделали этот самолет именно для того, чтобы украинцы и сирийцы могли уехать оттуда"", - говорит представитель компании Манали ..."
3	В штабе АТО уточнили даты отвода войск: опубликовано видео	Отвод вооружения малого калибра на Донбассе силы АТО начнут в 12:00 понедельника. Об этом сообщил спикер АТО в Луганской области Руслан Ткачук в комментарии каналу &quot;112 Украина&quot;.
3	Власти в Луганске оказались бессильны против воров контактной сети	Движение трамваев в Луганске было остановлено в связи с военными действиями в июле 2014 года. Все попытки новых властей возобновить запуск трамвайных маршрутов проваливаются из-за регулярных краж контактной сети.
0	Военные попали под интенсивный огонь боевиков	За минувшие сутки боевики дважды нарушили режим прекращения огня. Об этом сообщает Штаб военной операции. Так, в 20.50 в районе населенного пункта Зайцево противник открыл интенсивный огонь из гранатометов и крупнокалиберных пулеметов в направлении украинского опорного пункта.
3	Война в Сирии не заменит Путину войны в Украине – эксперт - Joinfo.ua	Война в Сирии не сможет заменить Путину войны в Украине , утверждает эксперт, предает Joinfo.ua . Россия сейчас находится в системе имперского милитаризма: одна война подходит к концу, одна находится в активной фазе и одна еще только готовится. Считается, что война в Сирии ...
3	"Война в Сирии: Обама назвал действия РФ ""рецептом катастрофы"" - РБК Украина"	" Россия окажется ""в трясине"" в том случае, если будет оказывать военную помощь Президенту Сирии Башару Асаду. Об этом заявил Президент США Барак Обама, передает Bloomberg. Как отмечается, американский лидер впервые прокомментировал сирийский кризис после того, как ... "
0	Война в Сирии: повстанцы сбили российский самолет - РБК Украина	 В сети Интернет появилось видео того, что якобы сирийские повстанцы, оказывающие вооруженное сопротивление войскам Президента Башара Асада, сбили штурмовик Су-25 российских ВВС, которые поддерживают режим нынешнего сирийского лидера. Отметим, на видеокадрах ... 
3	Война закончится с возвращением украинских территорий - Порошенко - ЛІГА.net	В Донбассе наступил режим полной тишины, однако война будет закончена лишь после того, как будет освобожден последний клочок украинской земли. Об этом сегодня заявил президент Петр Порошенко, выступая в военном институте КНУ им. Тараса Шевченко, передает ...
3	Война и мир на Донбассе: пять причин продления АТО - РИА Новости Украина	 Парижский саммит, нью-йоркское заседание Генассамблеи, минские встречи трехсторонней контактной группы – все это, казалось бы, строит дорогу к миру, к замораживанию конфликта на востоке  Украины . Но реакция  украинских  политиков на это говорит о том, что перспектива мира ... 
3	Война России против Украины: последние события в Донбассе - ЛІГА.net	После относительного затишья в конце года, с начала января российско-террористические войска пошли в активное наступление, сопровождающееся большими потерями с обеих сторон. Донецкий аэропорт, удерживаемый украинскими киборгами на протяжении 242 дней, из-за ...
3	Востоковед Сергей Данилов: Украина и Сирия - два театра одной войны - MIGnews.com.ua (Блог)	 На постсоветском пространстве любят рассказывать о теориях заговора. Якобы Катар собирался построить газопровод через Сирию. Да, собирался, но глупо утверждать, что это - причина  войны . Катар давно построил достаточные мощности для экспорта сжиженного газа в Европу без ... 
2	ВСУ начали отвод техники на Донбассе	Украинские военные начали отвод вооружений калибром менее 100 миллиметров от линии разграничения. В ходе отвода будут перемещены в определенные районы танки Т-64 и Т-72, противотанковые пушки Д-48 и Д-44 калибра 85 миллиметров и минометы 2Б-9 82-миллиметрового калибра.
4	ВСЮ увольняет первого судью, который открывал дела против майдановцев	В четверг в Киеве Высший совет юстиции принял решение уволить днепропетровского судью Николая Бибика, сообщает Громадське радіо. Это известный судья Бабушкинского районного суда Днепропетровска, который принимал незаконные решения по арестам майдановцев в 2014 году.
4	ВСЮ увольняет первого судью, сажавшего майдановцев	Высшим советом юстиции Украины на вчерашнем заседании принято решение внести предложение об увольнении с должности судьи Бабушкинского райсуда Днепропетровска Николая Бибика, судившего участников акций протеста во время Евромайдана. Об этом сообщила пресс-служба ВСЮ.
2	Вторые сутки перемирие на Донбассе соблюдается образцово, погибших нет	Уже вторые сутки перемирие на востоке Украины придерживается образцово. Об этом сообщил на брифинге в субботу, 3 октября, спикер Администрации президента по вопросам АТО Андрей Лысенко. &quot;Вчера обстрелов наших позиций не было&quot;, - сказал г-н Лысенко.
0	Вчера боевики дважды нарушили режим перемирия	На протяжении прошлых суток боевики дважды нарушали режим перемирия. Об этом сообщает пресс-центр АТО. Как сообщается, в 20:50 в районе населенного пункта Зайцево боевики открывали огонб в направлении украинского опорного пункта.
0	Вчера двое военных подорвались на растяжках	Вчера двое украинских военнослужащих были ранены в результате подрыва на растяжках. Об этом сегодня на брифинге в УКМЦ заявил представитель Администрации Президента Украины по вопросам АТО полковник Александр Мотузяник. По его словам, это произошло на донецком направлении.
0	Вчера на растяжках подорвались украинский воин и гражданский	За прошедшие сутки на Донбассе получили ранения один боец АТО и один местный житель. Об этом в ходе брифинга сообщил пресс-секретарь Администрации президента Украины по вопросам АТО Андрей Лысенко, передает Gazeta.ua.
3	Гиркин рассказал, сколько наемникам из Донбасса платят за бои в Сирии	Российские наемники едут в Сирию целыми бригадами из-за острой нужды в деньгах. Об этом рассказал экс-главарь террористов самопровозглашенной ДНР Игорь Гиркин (Стрелков) в интервью радиостанции &quot;Говорит Москва&quot;.
1	Главарь «ДНР» «приостановил» отвод вооружений	Главарь &quot;ДНР&quot; Александр Захарченко заявил о том, что боевики останавливают отвод вооружений, несмотря на подписанный им лично накануне документ в Минске. Об этом он заявил сегодня, 1 октября 2015 года передает &quot;Интерфакс&quot;. Он сослался на то, что украинские военные якобы обстреляли Донецк.
1	Главарь ДНР Захарченко отменил приказ об отводе вооружений	Главарь самопровозглашенной Донецкой народной республики (ДНР) Александр Захарченко отменил собственный приказ об отводе вооружений с линии разграничения. Об этом лидер террористов заявил в четверг, 1 октября на пресс-конференции, передаёт БИЗНЕС.
3	ГПС: более 11 тыс пограничников получили статус участников АТО	В пресс-службе Государственной пограничной службы Украины (ГПСУ) сообщили, что с начала антитеррористической операции (АТО) в Донбассе статус участника боевых действий получили более 11300 пограничников. Об этом идёт речь в сообщении пограничного ведомства в среду, 7 октября, передаёт БИЗНЕС.
1	Двух агентов террористов «ДНР» задержали в зоне АТО	Сотрудники Службы безопасности Украины (СБУ) задержали в Донецкой области двух агентов террористической организации &quot;Донецкая народная республика&quot; (&quot; ДНР&quot;). Об этом сообщили в пресс-службе СБУ.
	ДНР заявила об окончании войны: что ответила Украина - В городе	" Полномочный представитель самопровозглашенной ""Донецкой народной республики"" на переговорах в Минске Денис Пушилин заявил, что подписание договора об отводе техники в Донбассе калибром менее 100 миллиметров означает прекращение  войны . Об этом 30 сентября ... "
3	Еще один боевик «ДНР» сложил оружие и начал помогать СБУ	Как отмечается, бывший боевик, в рамках начатой СБУ программы возвращения граждан на подконтрольную Украине территорию, добровольно обратился к правоохранителям с заявлением о своем участии в &quot;ДНР&quot;. Мужчина признался в совершенном преступлении и согласился оказывать любую помощь следствию.
3	Еще один боевик ДНР сдался СБУ и может избежать уголовной ответственности	Как сообщал НБН, по данным СБУ, в 2015 году в результате добровольного отказа от участия в незаконных вооруженных формированиях, искреннего раскаяния и сотрудничества с правоохранительными органами, украинскими судами освобождены от уголовной ответственности более 60 человек.
2	Жизнь возвращается в прифронтовые поселки под Мариуполем	Прекращение активных боевых действий способствует началу налаживания жизни в прифронтовых поселках Фактическое отсутствие обстрелов украинских позиций, населенных пунктов формированиями &quot;ДНР&quot; позволило начать работы в социальных и гуманитарных сферах.
2	Жители Красногоровки Донецкой области возвращаются в свои дома	Отмечается, что сейчас в городе работают только две школы из пяти, поэтому встает вопрос быстрой реконструкции и открытия учебных заведений, которые получили существенные повреждения в ходе обстрелов террористов.
3	Житель Мелового взят под стражу за участие в боевых действиях против украинских силовиков - Остров	" ... находясь на временно оккупированной территории Луганской области, вступил в состав 11-го территориального батальона народной милиции ""ЛНР"", где принимал участие в  боевых действиях  на стороне незаконных вооруженных формирований против Вооруженных Сил  Украины "", ... "
0	За последние сутки в зоне АТО ранен один украинский боец	За минувшие сутки в зоне антитеррористической операции на Донбассе ранения получил один украинский военнослужащий, погибших нет. Об этом сегодня на брифинге сообщил представитель Администрации Президента Украины по вопросам АТО Андрей Лысенко.
1	За сутки боевики трижды нарушили режим перемирия	На сегодняшнем брифинге спикер Администрации президента по вопросам АТО Андрей Лысенко сообщил, что минувшие сутки в зоне проведения антитеррористической операции прошли без потерь для украинских военнослужащих, двое бойцов получили ранения, передает vkulake.com.
0	За сутки был ранен один украинский военный	В зоне проведения антитеррористической операции за последние сутки был ранен один военнослужащий. Об этом в ходе брифинга заявил спикер Администрации Президента по вопросам АТО Андрей Лысенко. По его словам, военный получил ранения в результате подрыва на растяжке.
0	За сутки в зоне АТО двое украинских военных получили ранения	Как сообщал УНИАН, боевики за минувшие сутки дважды обстреляли силы АТО на Донбассе. Как сообщал УНИАН, за предыдущие сутки в зоне АТО был ранен один украиснкий военный.
0	За сутки в зоне АТО один военный получил ранения	Представитель Администрации Президента Украины (АПУ) по вопросам АТО полковник Андрей Лысенко заявил, что на Донбассе за минувшие сутки, 1 октября, ранения получил один украинский военнослужащий, погибших нет, передает &quot;РБК-Украина&quot;.
0	За сутки в зоне АТО произошло 2 обстрела	В течение прошедших суток в зоне проведения АТО режим прекращения огня был нарушен два раза. Об этом сказали в пресс-центре АТО, передает сайт новостей Инфосми. (http: / / infosmi.net /) Вчера боевики открыли огонь в населенном пункте Зайцево, а также в Луганском.
1	Захарченко «отложил» отвод вооружений	Главарь донецких боевиков Александр Захарченко заявил, что боевики приостанавливают отвод вооружений калибром менее 100 мм. Об этом он заявил в четверг, передает &quot;Интерфакс&quot;. Захарченко заявил, что Украина якобы &quot;обстреляла Донецк&quot;.
0	Из-за аварии на ТЕС, Луганск остался без света	Заместитель главы Луганской областной военно-гражданской администрации Ольга Лишик сообщила, что по техническим причинам не работают энергоблоки, из-за чего город остался без света. В результате технической аварии на ТЭС без электроэнергии остался Луганск и большое количество городов Луганщины.
3	Как война в Сирии повлияет на переговоры по Минским соглашениям - РБК Украина	 Очередной этап переговоров в нормандском формате уже сегодня состоится в Париже. Почти сразу после поездки в Нью-Йорк президент  Украины  Петр Порошенко, канцлер Германии Ангела Меркель, президент Франции Франсуа Олланд и Президент РФ Владимир Путин встретятся, ... 
3	Как война в Сирии повлияет на положение Украины в мире. Мнение политолога - РИА Новости Украина	 Один вариант предложила Франция, другой —  Украина , но все это не достигло ожидаемого результата. Другой темой был конфликт в Сирии, и здесь тоже не было достигнуто четкого понимания. И ситуация только обострилась после этой ассамблеи. Как  война  в Сирии повлияет на ... 
0	Карта АТО на 1 октября: боевики совершили три вооруженные провокации	Карта АТО на 1 октября демонстрирует, что боевики продоложают совершать вооруженные провокации на фронте. Карта АТО на 1 октября показывает, что вчера было зафиксировано три вооруженные провокации врага, передает Joinfo.ua со ссылкой на Информцентр СНБО Украины.
3	Карта боевых действий на востоке Украины (4 октября) - FaceNews.ua	Напомним, ранее спикер Администрации президента по вопросам АТО Андрей Лысенко заявил, что Украина начала отвод военной техники калибром менее 100 мм от линии разграничения на определенные позиции.
3	Киев запутался в сроках отвода вооружений в Донбассе	Киевские власти совершенно запутались в сроках отвода тяжелых вооружений в зоне коне конфликта в Донбассе. На это указывают противоречивые заявления, которые делают украинские чиновники.
2	Киев назвал дату отвода вооружений в Донбассе	Украинские силовики начнут отвод техники калибром менее 100 мм под Донецком 18 октября.
2	Киев начал отвод техники на Донбассе	Пресс-офицер штаба АТО Анатолий Стельмах заявил, что сегодня Киев начал отвод техники калибром менее 100 мм. Это началась первая фаза отвода техники, которую, по договоренности, должны отвести не менее, чем на 15 км. от линии разграничения.
1	Киев отверг заявление Донецка об окончании войны в Донбассе - Lenta.ru	 «Ленты.ру») Андрей Лысенко ответил на заявление руководства самопровозглашенной Донецкой народной республики (ДНР) об окончании  войны  на территории страны, сообщает в четверг, 1 октября, телеканал «112  Украина ». « Война  не окончена, пока не захоронен последний ... 
2	Киев подтвердил начало отвода вооружения 5 октября в Донбассе	Спикер генерального штаба вооруженных сил Украины Владислав Селезнев в воскресенье заявил, что Киев подтвердил готовность 5 октября начать отвод вооружения калибром меньше 100 мм от линии соприкосновения в Донбассе.
3	Киев соврал об отводе вооружений в Донбассе	Напомним, накануне представитель администрации президента Украины Андрей Лысенко заявил, что ВСУ уже начали отвод вооружений калибра менее 100 мм в Донбассе. Это заявление было сделано вслед за аналогичным со стороны ЛНР.
3	Климкин рассказал о выборах на Донбассе и амнистии боевиков	Глава дипведомства добавил, что только после такого процесса Киев готов передать власть тем людям, которые будут избраны местными жителями на Донбассе. Напомним, ранее боевиками заявлялось, что они перенесут дату выборов, если Киевом будет проведена амнистия для сепаратистов.
3	Климкин рассказал, как боевики могут получить амнистию	Если ты хочешь, чтобы тебя амнистировали, то ты пишешь заявление и идешь в прокуратуру — украинскую прокуратуру, которая работает по украинским законам.
3	Корректировщицу огня «ДНР» будут судить в Донецкой области	Следователи прокуратуры установили, что женщина работала под позывным Малая корректировщицей огня. С февраля по июнь 2015 она передавала артиллеристу &quot;ДНР&quot; данные о перемещении техники и солдат Вооруженных сил Украины вблизи города Артемовска и в Артемовском районе Донецкой области.
0	Луганск обесточен из-за аварии на ТЭС	Сегодня, 3 октября, на ДТЭК ТЭС города Луганска по причине технических неполадок произошла авария. Как сообщает пресс-служба ДТЭК, в результате случившегося станция стала обесточена, а весь в северной части Луганской области местные жители остались без света.
0	Луганск обесточен из-за аварии на ТЭС	Жители Луганска остались без электроснабжения. Как выяснилось, два энергоблока одновременно вышли из строя на Луганской теплоэлектростанции (ТЭС). Эксперты раздела &quot;Новости Украины&quot; онлайн-журнала &quot;Биржевой лидер&quot; выяснили, что на данный момент проводятся работы по выяснению причин аварии.
0	Луганск остался без света из-за аварии на ТЭС	Согласно сообщению, в результате технологической аварии на ТЭС без электроэнергии остался Луганск и многие города Луганской области.
0	Луганск остался без света из-за аварии на ТЭС	На Луганской ТЭС по техническим причинам вышли из строя два энергоблока, в связи с чем Луганск и многие города Луганской области остались без света. Об этом в Fасевоок заявила зампредседателя Луганской областной военно-гражданской администрации Ольга Лишик.
0	Луганск остался без света из-за аварии на ТЭС	Два энергоблока Луганской ТЭС вышли из строя. Как заявила зампредседателя Луганской областной военно-гражданской администрации Ольга Лишик, технические причины вывели из строя энергоблоки, в связи с чем город остался без света.
0	Луганск остался без света из-за аварии на ТЭС	Согласно сообщению, в результате технологической аварии на ТЭС без электроэнергии остался Луганск и многие города Луганской области.
0	Луганск остался без света из-за аварии на ТЭС	На Луганской ТЭС по техническим причинам вышли из строя два энергоблока, в связи с чем Луганск и многие города Луганской области остались без света. Об этом в Fасевоок заявила зампредседателя Луганской областной военно-гражданской администрации Ольга Лишик.
0	Луганск остался без света из-за аварии на ТЭС	Два энергоблока Луганской ТЭС вышли из строя. Как заявила зампредседателя Луганской областной военно-гражданской администрации Ольга Лишик, технические причины вывели из строя энергоблоки, в связи с чем город остался без света.
0	Луганск остался без электроэнергии из-за аварии на ТЭС	Заместитель председателя Луганской областной военно-гражданской администрации (ОВГА) Ольга Лишик заявила, что Луганск остался без электроэнергии из-за аварии на местной теплоэлектростанции (ТЭС). Об этом в воскресенье, 4 октября сообщает БИЗНЕС, ссылаясь на Facebookг-жи Лишик.
0	Луганск остался без электроэнергии из-за аварии на ТЭС	Заместитель председателя Луганской областной военно-гражданской администрации (ОВГА) Ольга Лишик заявила, что Луганск остался без электроэнергии из-за аварии на местной теплоэлектростанции (ТЭС). Об этом в воскресенье, 4 октября сообщает БИЗНЕС, ссылаясь на Facebookг-жи Лишик.
2	Луганская ВГА заявила о восстановлении энергоснабжения области	В Луганской области практически полностью восстановлено энергоснабжение после аварии на ТЭС в Счастье. Об этом в эфире &quot;112 Украина&quot; заявил директор департамента массовых коммуникаций Луганской областной военно-гражданской администрации Денис Денищенко.
0	Лысенко: в зоне АТО ранены двое военных	За прошедшие сутки в зоне АТО были ранены двое военнослужащих, сообщил представитель администрации президента Украины по вопросам АТО Андрей Лысенко. Военные получили ранения, подорвавшись на растяжках. Это произошло на Донецком направлении, отметил Лысенко.
0	Лысенко: На Донбассе двое бойцов ВСУ подорвались на растяжке	В субботу, 3 октября, около Марьинки в Донецкой области двое украинских военнослужащих подорвались на вражеской растяжке. Об этом сообщил спикер администрации президента Украины по вопросам АТО Андрей Лысенко. По его словам, досадный случай произошел с украинскими военными при выполнении задания.
3	МВД опубликовало «наградные листы», особо отличившихся «героев ДНР»	Начальник ГУ МВД в Донецкой области Вячеслав Аброськин опубликовал &quot;проекты наградных листов на ведомственные награды Минобороны ДНР&quot; &quot;воякам&quot;, которые наиболее отличились, с указанием &quot;мест боевой славы&quot;. Новость передает &quot;Пресса Украины&quot;.
3	МВД опубликовало «наградные листы», особо отличившихся «героев ДНР»	Начальник ГУ МВД Украины в Донецкой области Вячеслав Аброськин на своей странице в Facebook показал наиболее отличившихся &quot;вояк&quot; т.н. &quot;ДНР&quot;, которые представлены на &quot;ведомственные награды Минобороны ДНР&quot; за личный военный подвиг.
3	МВД: 50 тыс украинских силовиков получили статус участника боевых действий - РИА Новости Украина	  Боевые действия  на востоке  Украины  начались в середине апреля 2014 года. С начала конфликта погибли по меньшей мере 8050 человек, сообщил 29 сентября помощник генерального секретаря ООН Иван Шимонович. По информации начальника главного управления Генерального ... 
4	МИД Украины выразил протест из-за продления суда над Савченко	В Министерстве иностранных дел Украины выражают решительный протест в связи с продолжением &quot;демонстративного судилища&quot; над украинской летчицей Надеждой Савченко. Об этом говорится в заявлении пресс-службы МИД Украины.
4	МИД Украины выразил протест из-за продления суда над Савченко	Суд в Ростове-на-Дону оставил без изменения решение о продлении ареста украинской летчицы и народного депутата Надежды Савченко. Данную информацию сообщил адвокат украинки Илья Новиков. Свой протест в связи с данным решением уже успело выразить Министерство иностранных дел (МИД) Украины.
4	МИД Украины выразил протест из-за продления суда над Савченко	Министерство иностранных дел Украины выразило протест из-за продления суда над украинской летчицей Надеждой Савченко. Об этом сообщила пресс-служба МИД. В заявлении говорится, что ведомство выражает решительный протест в связи с продолжением демонстративного суда над Савченко.
4	МИД: Россия нарушила Минские соглашения не выпустив Савченко	Министерство иностранных дел Украины заявило, что Российская Федерация нарушила Минские договоренности оставив под стражей Надежду Савченко. Об этом рассказали в пресс-службе МИДа, новость передает &quot;Пресса Украины&quot;.
1	Миссия ОБСЕ выявила три самолета у боевиков «ДНР»	29 сентября с помощью надземной разведки наблюдатели получили изображения, которые выявили наличие трех самолетов Ан-2 вблизи взлетно-посадочной полосы в подконтрольной боевикам &quot;ДНР&quot; Розовке, что на 35 км на северо-востоке от Донецка.
0	На Донбассе за сутки ранены два военных, погибших нет	Бойцы АТО подорвались на растяжках на донецком направлении За минувшие сутки в зоне проведения антитеррористической операции на Донбассе ранения получили двое украинских военнослужащих, но погибших нет.
2	На Донбассе сутки прошли без потерь среди украинских военных	В зоне АТО перемирие соблюдается образцово, обстрелы не зафиксированы За минувшие сутки в зоне проведения антитеррористической операции на Донбассе среди украинских военных нет погибших и раненых.
0	На Луганской ТЭС не работают два энергоблока	Два энергоблока Луганской ТЭС по техническим причинам вышли из строя. Об этом в Fасевоок заявила заместитель председателя Луганской областной военно-гражданской администрации Ольга Лишик, передает УНН.
0	На Луганской ТЭС не работают два энергоблока	Два энергоблока Луганской ТЭС по техническим причинам вышли из строя. Об этом в Fасевоок заявила заместитель председателя Луганской областной военно-гражданской администрации Ольга Лишик, передает УНН.
0	На Луганщине боец АТО получил ранения в ходе преследования ДРГ	Вчера утром вблизи поселка Трехизбенка Новоайдарского района Луганской области через реку Северский Донец переправилась вражеская диверсионно-разведывательная группа. Об этом на брифинге сообщил спикер Администрации президента по вопросам АТО полковник Андрей Лысенко.
3	На Луганщине взяли под арест «милиционера» ЛНР	Мужчина принимал участие в боевых действиях на стороне незаконных вооруженных формирований против Вооруженных сил Украины. По данному факту возбуждено уголовное производство по ч. 1 ст. 258-3 (содействие деятельности террористической организации) УК Украины.
2	На Луганщине обстрелов не зафиксировано	За последние сутки на Луганском и Артемовском (Попаснянский район) направлениях вдоль линии разграничения соблюдался режим прекращения огня. Подразделения ВС Украины, которые дислоцируются на Луганщине, готовятся к отводу вооружения.
1	На Луганщине по узкоколейке перевозили контрабанду в обход блокпостов	В Золотом Попаснянского района Луганской области обнаружили узкоколейную железнодорожную дорогу, по которой курсировала самодельная дрезина, перевозившая в небольших количествах товар на оккупированную территорию. Об этом сообщили руководству области местные жители.
1	На Луганщине по узкоколейке перевозили контрабанду в обход блокпостов	В ходе совещания с силовиками и военными по борьбе с незаконным перемещением товаров через линию разграничения зампредседателя Луганской ОВГА Юрий Клименко сообщил о том, что в районе города Золотое на узкоколейной железной дороге курсирует самодельная дрезина, которая в небольших количествах перевозила товар на оккупированную территорию.
2	На Луганщине стороны продолжают соблюдать режим тишины	В течение суток на а Луганском и Артемовском (Попаснянский район) направлениях вдоль линии разграничения стороны продолжают соблюдать режим прекращения огня.
4	Неле Штепе не хватило 50 грн для регистрации на пост мэра Славянска	В документах Штепы не было указано, от какой партии или путем самовыдвижения идет Штепа. Кроме того, не отвечала и сумма необходимого взноса для кандидата в мэры.
3	"Оборонка России ""грохнулась"" из-за Украины и теряет рынок оружия - Обозреватель"	Одной из проблем, о которой неоднократно шла речь - угроза патронного и снарядного голода в Украине . Напомню, что в ходе боевых действий мы потеряли Луганский патронный завод, который являлся источником новых боеприпасов для украинской армии. Поэтому сегодня ведется ...
2	ОБСЕ зафиксировала отвод 30 танков ЛНР от линии разграничения	Специальная мониторинговая миссия Организации по безопасности и сотрудничеству в Европе зафиксировала отвод 30 танков боевиками ЛНР от линии разграничения на Донбассе 4 октября. Об этом говорится в отчете миссии ОБСЕ за 4 октября.
1	ОБСЕ нашла у террористов на Донбассе самолеты	Специальная мониторинговая миссия Организации по безопасности и сотрудничеству в Европе (ОБСЕ) зафиксировала на временно оккупированных территориях Донбасса три самолета. Об этом говорится в отчете организации за 1 октября, передает УНИАН.
2	ОБСЕ: Боевики ЛНР начали отвод танков от линии разграничения	В районах Луганской области, подконтрольных пророссийским боевикам ЛНР, 4 октября начался отвод танков. Об этом говорится в отчете миссии ОБСЕ за 4 октября.
2	ОБСЕ: боевики ЛНР отвели 30 танков от линии соприкосновения	В Специальной мониторинговой миссии Организации по безопасности и сотрудничеству в Европе (СММ ОБСЕ) сообщили, что боевики, по состоянию на понедельник, 5 октября, отвели от линии соприкосновения в сторону Луганска 30 танков.
1	ОБСЕ: У боевиков ДНР обнаружены три самолета Ан-2	Беспилотник ОБСЕ обнаружил в районе поселка Розовка на Донетчине, контролируемого пророссийскими боевиками ДНР, три самолета Ан-2 (&quot; Кукурузник&quot;). Об этом говорится в отчете ОБСЕ за 2 октября.
3	Опубликованы ранее неизвестные фото киборгов в донецком аэропорту	Корреспондент Los Angeles Times и Associated Press Сергей Лойко, побывавший в аэропорту Донецка во время ожесточенных боев и блокады, опубликовал неизвестные ранее фото украинских военных, прозванных за бесстрашие &quot;киборгами&quot;. Об этом сообщает Корреспондент.
3	Петля на шее России затягивается. Стоит ли радоваться Украине - Апостроф	"Несмотря на то, что лидеры боевиков поспешили заявить о завершении войны на Донбассе, начало сирийских событий означает, что Владимир Путин всего лишь отвлекся от Украины , заморозив конфликт в зоне АТО до ""особого распоряжения"". А война в Сирии ему нужна для ..."
3	Порошенко заявил, что война в Донбассе не завершена Международная панорама 2 октября, 22:57 - Информационное агентство России ТАСС	" КИЕВ, 2 октября. /ТАСС/. В Донбассе установлено перемирие, но оно не означает окончания  войны  Об этом заявил президент  Украины  Петр Порошенко во время брифинга в посольстве  Украины  в Париже по окончанию переговоров ""нормандской четверки"". ""Сейчас мы достигли ... "
3	Порошенко назвал действия России в Сирии шагом к третьей мировой войне - Lenta.ru	Президент Украины Петр Порошенко заявил, что операция России в Сирии против боевиков «Исламского государства» — шаг к началу третьей мировой войны . Такое мнение глава государства высказал во время выступления в военном институте Киевского национального ...
3	Порошенко поручил ускорить регистрацию участников боевых действий - Телеграф	"Президент Украины Петр Порошенко поручил ускорить процесс предоставления статуса участника боевых действий тем, кто имеет соответствующее право. Об этом Президент сообщил на своей странице в Facebook. ""Статус участника боевых действий получили уже 88% от ..."
3	Порошенко рассказал, когда закончится война на Украине - Московский комсомолец	Президент Украины Петр Порошенко выступил в среду 7 октября перед студентами. Он заявил, что на фронте наступил режим полной тишины. Однако по его словам, это не конец войны , потому что война закончится, когда будет освобожден последний клочок украинской земли.
3	Порошенко: война будет закончена, когда будет освобожден последний клочок украинской земли - РБК Украина	" ""Это означает, что есть перемирие.  Война  будет закончена, когда будет освобожден последний клочок  украинской  земли. Пока у нас есть оккупированные территории  война  не закончилась"", - сказал Порошенко на вопрос о том, результаты переговоров означают прекращение  войны . "
3	Порошенко: Гибридная война в полном разгаре - Корреспондент.net	"Мы твердо знаем, враг войны не закончил. И гибридная война , с чем мир столкнулся год назад, она в самом разгаре. Потому что она вбирает в себя не только военную агрессию, не только экономическую петлю, которую агрессор думал, что накинул на шею Украины и уничтожит ее ...
3	05.10.2015 13:49		Порошенко: статус участника боевых действий получили 88% бойцов АТО - РБК Украина	Статус участника боевых действий получили 88% от общего количества военнослужащих, имеющих на это право. Об этом заявил Президент Украины Петр Порошенко на совещании с руководителями областных государственных администраций, передает пресс-служба лидера ...
3	10/2/15 9:52		После войны. Что ожидает Украину? - РИА Новости Украина	 Пока фразы о мире звучат с разной тональностью, но в большинстве случаев они все-таки связаны с надеждой.  Война  унесла многие тысячи жизней, оставила десятки тысяч калек и сирот, разлучила с родиной сотни тысяч семей.  Война  отбросила страну на десятки лет назад, и как-то ... 
3	06.10.2015 16:21		Почему началась война в Сирии и при чем здесь Украина? - Телеканал 24	Перспектива отставки. По факту, сейчас войска Асада контролируют менее половины территории страны. Он сделал все возможное, чтобы подавить восстание в самом начале, бросив против митингующих вооруженную армию. Так акции протеста переросли в гражданскую войну .
3	10/3/15 8:21		Почти 50 тысяч силовиков Украины признаны участниками боевых действий - РИА Новости	 КИЕВ, 3 окт — РИА Новости. Почти 50 тысяч  украинских  силовиков получили статус участника  боевых действий  к началу октября, сообщается в субботу на сайте министерства внутренних дел  Украины . По состоянию на 2 октября после рассмотрения соответствующими комиссиями ... "
1	Правоохранители нашли тайник с автоматами возле Краматорска	Правоохранители нашли тайник с оружием на берегу реки Верхний Торец в пгт Ясногорка возле Краматорска. В нем было спрятано 2 автомата &quot;Калашникова&quot; и 56 патронов. Об этом сообщает пресс-служба ГУМВД Украины в Донецкой области.
3	"Премьер Украины рассказал, когда закончится война на Донбассе - РИА ""Новый Регион"""	 Киев, Октябрь 03 (Новый Регион, Вадим Довнар) — Россия не желает выполнять Минские соглашения и делает все, чтобы затянуть процесс и выкупить время, заявил премьер-министр Арсений Яценюк, предупредив при этом, что  война  на Востоке закончится не скоро. «Основная цель ... 
0	Пресс-центр АТО: За минувшие сутки боевики дважды нарушили перемирие	Вечером боевики обстреляли украинские позиции в районе Зайцево и в Луганском, сообщили в пресс-центре АТО.В течение минувших суток незаконные вооруженные формирования дважды нарушили режим перемирия в зоне антитеррористической операции (АТО), сообщил в Facebook пресс-центр АТО.
3	Прокуратура направила в суд дело корректировщицы огня боевиков ДНР	Детали Сотрудники прокуратуры установили, что 34-летняя женщина с февраля по июнь текущего года работала корректировщицей огня и передавала артиллеристу данные о перемещении техники и военнослужащих Вооруженных сил Украины.
	Прокуратура: В Меловом задержан сотрудник народной милиции «ЛНР»	По данным прокуратуры, житель пгт Меловое Луганской области, находясь на временно оккупированной территории, вступил в состав 11-го территориального батальона народной милиции &quot;ЛНР&quot;, где принимал участие в боевых действиях против ВСУ.В Луганской области уведомлен о подозрении и задержан житель пгт Меловое, сотрудничавший с террористами &quot;ЛНР&quot;.
3	Путин теряет интерес, который был в начале войны с Украиной - Апостроф	 Президент России Владимир Путин не смог захватить значительную часть  Украины , поэтому теряет интерес, который был у него перед началом  войны  на Донбассе. Вместе с тем, сирийская кампания Кремля не означает, что ситуация вокруг украинско-российского конфликта ... 
4	Российский суд продлил арест Надежды Савченко	Суд в Ростове-на-Дону оставил без изменения решение о продлении ареста украинской летчицы и народного депутата Надежды Савченко. Данную информацию сообщил адвокат украинки Илья Новиков. Свой протест в связи с данным решением уже успело выразить Министерство иностранных дел (МИД) Украины.
1	СБУ задержала в районе АТО двоих агентов боевиков «ДНР»	Сотрудники Службы безопасности Украины (СБУ) задержали в Донецкой области двух агентов террористической организации &quot;Донецкая народная республика&quot; (&quot; ДНР&quot;). Об этом сообщили в пресс-службе СБУ.
1	Сбу задержала вооруженных пулеметом боевиков «ДНР»	Силовики вместе с бойцами ВСУ задержали возле села Григорьевка Тельмановского района Донецкой области двух боевиков террористической организации &quot;ДНР&quot;. Об этом сообщает пресс-центр СБУ.
1	СБУ задержала вооруженных пулеметом боевиков «ДНР»	В Донецкой области СБУ совместно с военнослужащими ВСУ задержала двух боевиков т.н. &quot;ДНР&quot;, – сообщает пресс-центр СБУ. Боевики были задержаны вблизи села Григорьевка Тельмановского района, при себе у них был обнаружен ручной пулемет и автомат.
1	СБУ задержала двух боевиков ДНР	Служба безопасности Украины (СБУ) совместно с военнослужащими Вооруженных сил Украины возле села Григорьевка Донецкой области задержала двух боевиков так называемой &quot;Донецкой народной республики&quot;. Об этом говорится в сообщении пресс-службы СБУ.
1	СБУ задержала двух боевиков, следивших за бойцами и техникой ВСУ	Как сообщается, в соответствии с уголовным производством по ч. 1 ст. 258-3 (создание террористической организации или участие в ней) Уголовного кодекса Украины осуществляются первоочередные оперативно-следственные действия. Напомним, ранее сообщалось, что СБУ задержала информатора боевиков ЛНР.
1	СБУ задержала женщину-информатора боевиков	В Донецкой области, в пгт Мироновский Артемовского района, была обнаружена информатор боевиков. Женщину задержали сотрудники Службы безопасности Украины совместно с военной прокуратурой. Об этом сообщили в пресс-службе СБУ.
1	СБУ задержала на Донбассе двух профессиональных разведчиков ДНР	Информаторы предоставляли боевикам информацию о размещении ВСУ в районе Волновахи и Авдеевки Служба безопасности Украины (СБУ) задержала в Донецкой области двух разведчиков, передававших данные о дислокации украинских военных террористической организации &quot;ДНР&quot;. Об этом сообщили в пресс-службе СБУ.
1	СБУ задержала на Донбассе двух профессиональных разведчиков ДНР	Информаторы предоставляли боевикам информацию о размещении ВСУ в районе Волновахи и Авдеевки Служба безопасности Украины (СБУ) задержала в Донецкой области двух разведчиков, передававших данные о дислокации украинских военных террористической организации &quot;ДНР&quot;. Об этом сообщили в пресс-службе СБУ.
1	СБУ разоблачила информаторскую сеть боевиков ДНР	Служба безопасности Украины (СБУ) разоблачила информаторскую сеть боевиков так называемой &quot;Донецкой народной республики&quot; (ДНР), которые собирали данные о передовых позициях Вооруженных сил Украины. Об этом сообщает пресс-служба СБУ.
1	Сводки ополчения Новороссии за последние 24 часа! Боевые действия в ДНР и ЛНР! 2 октября! – обновляется - News Front - новости Новороссии, ЛНР, ДНР	 Трое военнослужащих  украинской  армии за сутки перешли на сторону ополчения ДНР в районе села Новоласпа Тельмановского района. Со слов перешедших военнослужащих морально-психологический уровень  украинской  армии низок. Это связано с тем, что у большинства ... 
1	Сводки ополчения Новороссии за последние 24 часа! Боевые действия в ДНР и ЛНР! 5 октября – обновляется - News Front - новости Новороссии, ЛНР, ДНР	По сообщению из аппарата уполномоченного по правам человека ДНР Дарьи Морозовой, в результате военных действий в период с 26 сентября по первое октября 2015 года погиб один мирный житель, еще двое получили ранения различной степени тяжести.
1	Сводки ополчения Новороссии за последние 24 часа! Боевые действия в ДНР и ЛНР! 6 октября – обновляется - News Front - новости Новороссии, ЛНР, ДНР	... партии и батальоны. Также было озвучено, что «Правый сектор» выступает за свержения П.Порошенко и возобновление боевых действий на Донбасс. ... По словам Эдуарда Басурина, возросла активность над Донецком беспилотников украинских боевиков. Он также отметил, что в ...
3	Сегодня в зоне АТО начнется отвод вооружения калибром менее 100 мм	Как сообщили в штабе АТО, процесс отвода разделен на два этапа и продлится 41 сутки. Украинские военные в рамках первого этапа начнут отводить вооружение от лини разграничения в Луганской области.
2	Силы АТО полностью отвели танки от линии фронта на Луганщине	Украинские военнослужащие в рамках выполнения условий минских договоренностей завершили отвод танков от линии фронта в Луганской области. Об этом на брифинге сообщил спикер Администрации президента по вопросам АТО полковник Андрей Лысенко.
2	Силы АТО получили сигнал на отвод танков	Украинские военные в зоне АТО получили сигнал начать отвод танков в Луганской области с 11:00. Об этом в комментарии УНН сообщил спикер АТО в Луганской области Руслан Ткачук.
3	Сирия и Украина: два фронта российской войны за влияние - inoСМИ.Ru	 «Это все та же игра, — сказал один из европейских чиновников, хорошо знакомый с ситуацией на  Украине . — Вмешательство Путина в Сирии — способ добиться уступок, заставить Запад избегать темы Крыма, отменить санкции и согласиться на заморозку конфликта на востоке ... 
2	Спецкор: переселенцы переселяются обратно на Донбасс	Более половины из 1,5 млн вынужденных переселенцев с Донбасса не смогли адаптироваться в новых местах жительства. Об этом сообщила председатель Всеукраинской организации по делам вынужденных переселенцев Оксана Ермишина. При этом около 30% переселенцев не планируют возвращаться домой.
3	СТАТУС УЧАСТНИКА БОЕВЫХ ДЕЙСТВИЙ НА ДОНБАССЕ ПОЛУЧИЛИ 71 тыс. ВОЕННЫХ - Defence Express News	" Статус участника  боевых действий  получили 71 тысяча военнослужащих Вооруженных сил  Украины , а 65,5 тысячам уже выданы удостоверения. Об этом в эфире ""Радио Свобода"" сообщил директор департамента социальной и гуманитарной политики Минобороны Валентин Федичев. "
3	Статус участника боевых действий получили почти 49 тыс. человек - MIGnews.com.ua (Блог)	 Около 49 тыс. сотрудников органов внутренних дел, Национальной гвардии  Украины , Государственной пограничной службы  Украины  и Госслужбы по чрезвычайным ситуациям получили статус участника  боевых действий . Об этом сообщили в пресс-службе Министерства внутренних ... 
3	Статус участника боевых действий уже получили около 49 тысяч правоохранителей - УНИАН	 Среди них - почти 22 тыс. работников милиции и около 16 тыс. бойцов Национальной гвардии  Украины , которые принимали участие в АТО. Также статус участника  боевых действий  получили более 10,6 тыс. работников Государственной пограничной службы и 633 работника Госслужбы ... 
3	США против России: как будет выглядеть война между двумя самыми грозными армиями в мире - inoСМИ.Ru	Однако критики заявляют, что робкая реакция Америки на российскую агрессию – в Крыму, в Донецкой и Луганской областях – никак не способствовала сдерживанию и устрашению Москвы. На Украине Москва продемонстрировала новый тип «гибридной войны », в которой участвуют ...
1	Тайник с автоматами и патронами обнаружен на берегу реки в Краматорске	В ходе отработки оперативной информации, поступившей в Краматорский горотдел милиции, сотрудники милиции обнаружили тайник с оружием. Схрон находился в камышах на берегу реки в поселке Ясногорка. В полиэтиленовом свертке было спрятано 2 автомата, а также 2 магазина с 56-ю патронами.
3	Террористы «засветили» информацию о ряде «заслуженных» боевиков	Начальник милиции Донецкой области Вячеслав Аброськин продемонстрировал проекты &quot;наградных листов-представлений&quot;, согласно которым так называемому &quot;министерству обороны ДНР&quot; предлагалось наградить ряд боевиков с указанием &quot;мест боевой славы&quot;.
0	Террористы устроили вооруженные провокации в районе Горловки	Российско-террористические войска открыли огонь со стороны временно оккупированной Горловки Донецкой области. Как заявили &quot;5 каналу&quot; в группе военно-гражданской сотрудничества сектора &quot;С&quot;, по позициям защитников Украины террористы не стреляют.
1	Турчинов предупредил об угрозе возобновления активных боевых действий на Донбассе - Последние новости в мире	 Сегодня, 2 октября, секретарь СНБО Александр Турчинов сообщил, что на Востоке  Украины  сохраняется угроза возобновления активных  боевых действий . Как пишет УНИАН, по его словам, бои могут начаться снова, несмотря на соблюдение режима прекращения огня. Читайте также: ... 
1	Турчинов считает, что боевые действия на востоке Украины могут возобновиться в любой момент - РБК Украина	  Боевые действия  на востоке  Украины  могут возобновиться в любой момент по инициативе Российской Федерации, несмотря на ее военное участие в Сирии. Об этом сегодня в ходе брифинга во время показательных обучений относительно отбора и подготовки личного состава на ... 
3	Украина и Сирия — театр одной войны России и Запада, — востоковед Сергей Данилов - ФОКУС	 Москва может эффективно вести две  войны  одновременно, пусть и не очень интенсивные, — в  Украине  и Сирии? — Насколько я понимаю и как пишут военные аналитики, успешность российских авиаударов полностью зависит от способности правительственных войск Сирии к ... 
2	Украина начала отвод вооружений в Донбассе	3 октября к отводу танков от линии соприкосновения в Донбассе приступила народная милиция «ЛНР». Генштаб Украины в свою очередь также заявил о начале процесса отвода вооружений калибром до 100 миллиметров.
3	Украина ответила на заявления властей ДНР об «окончании войны» - РБК	 В Администрации президента (АП)  Украины  прокомментировали заявления властей самопровозглашеной Донецкой народной республики о том, что подписание нового договора об отводе вооружений может означать «окончание  войны », сообщает агентство 112.ua. « Война  не ... 
3	Украина придумала новые условия для амнистии участников боевых действий в составе ДНР и ЛНР - Российский Диалог	 Представитель  Украины  в Трехсторонней контактной группе Роман Безсмертный заявил, что амнистия всех участников  боевых действий  на стороне самопровозглашенных ДНР и ЛНР пройдет только после выборов на территории республик по украинскому законодательству. 
3	Украина прилагает все усилия, чтобы война на Донбассе поскорее закончилась — спикер Администрации Президента - Остров	  Украина  прилагает все усилия, чтобы  война  на Донбассе поскорее закончилась. Об этом сегодня на брифинге в Киеве сообщил спикер Администрации Президента по вопросам АТО Андрей Лысенко, - передает корреспондент «ОстроВа». «Есть такая фраза, что  война  закончена тогда, ... 
3	Украинская сторона начала отвод вооружения калибром менее 100 мм	Украинские военнослужащие начали отвод вооружения калибром меньше 100 миллиметров от линии разграничения в соответствии с мирными договоренностями. Об этом говорится в сообщении пресс-центра АТО. В частности, сообщается, что стартовал первый этап отвода вооружения от линии контакта.
3	Участниками боевых действий на Донбассе стали 71 тысяча военных - NEWSru.ua	" ""Те, кто уже закончил свою войну, и те, кто находится в зоне АТО, по Вооруженным силам  Украины  - это 104 тысячи человек. На сегодня из них имеют право получить статус участника  боевых действий  92 тысячи. Реально уже получили статус участника  боевых действий  71 тысяча и 65 ... "
1	Харьковчанина приговорили к 4 годам заключения за участие в «ДНР»	Как сообщается, 27-летний харьковчанин с начала года находился в составе незаконных вооруженных формирований террористической организации &quot;ДНР&quot;, охранял штаб террористов в Донецке, патрулировал город с оружием, нес боевое дежурство на блокпостах террористов.
	ХК «Донбасс» обыграл «Кременчук» в чемпионате Украины	Первое противостояние команд во втором туре завершилось разгромной победой гостей. В Кременчуге состоялся первый матч второго тура чемпионата Украины, в котором между собой сыграли местный ХК &quot;Кременчук&quot; и ХК &quot;Донбасс&quot;. Дончане очень агрессивно начали игру, навалившись на ворота Михаила Шевчука.
4	ХК «Донбасс» потерпел первое поражение в чемпионате Украины	В центральном матче игрового уик-энда хоккейный клуб &quot;Кременчуг&quot; сыграл отставание и победил в матче с лидером чемпионата донецким &quot;Донбассом&quot;, передает УНН со ссылкой на Федерацию хоккея Украины. За 11 минут до конца матча гости уверенно лидировали с преимуществом в две шайбы.
4	Хоккеисты «Донбасса» победили на выезде «Кременчуг»	В Кременчуге состоялся первый матч второго тура чемпионата Украины, в котором ХК &quot;Донбасс&quot; победил местный ХК &quot;Кременчуг&quot; со счетом 4: 1 (2: 0, 2: 0, 0: 1), передает УНН со ссылкой на пресс - службу донецкого клуба.
3	Цель Кремля – добиться подконтрольности Украины за счёт избирательного процесса - Новое Время	В подобном случае, скорее всего, нужно ожидать возобновления интенсивности боевых действий . Кроме того, если Украину всё-таки вынудят провести выборы в ДНР/ЛНР, то дальше последует выполнение прочих весьма спорных пунктов: образование местной милиции, прокуратуры, ...
0	Часть Луганской области ночью осталась без света: у боевиков паника	В ночь на 4 октября север Луганской области и сам Луганск остались без света. Все из-за аварии, которая произошла на теплоэлектростанции в городе Счастье. Там по техническим причинам вышли из строя сразу два энергоблока.
0	Часть Луганской области осталась без света	Вечером в субботу произошло нарушение энергоснабжения Луганской области. Многие населенные пункты по обе стороны линии столкновения остались без света. Об этом сообщают в социальных сетях луганские пользователи, также об отсутствии электричества в Луганске говорится на сайте сепаратистов.
0	Часть Луганской области осталась без электроэнергии	Сегодня, 3 октября, в 20.45 в части Луганской области было отключено электроснабжение. Без света остались такие города как Лисичанск, Северодонецк, Рубежное. Нет электроэнергии и в оккупированном Луганске. В ДТЭК в данный момент выясняют причину отключения.
3	Штаб АТО рассказал о двух этапах отвода военной техники на Донбассе	По договоренностям, процесс отвода разделен на 2 этапа и продлится 41 сутки. Сообщается, что с 5 октября, начиная с Луганской области, в рамках первого этапа, украинские военные начнут отвода танков от линии разграничения.
2	Штаб АТО: в зоне боевых действий полное затишье - Аргументы и факты в Украине	 «Вместе с тем, по нашей оперативной информации, на временно захваченых территориях растет недовольство населения. Так, луганчан возмущает 6% налог, который обязательно должны платить клиенты  украинских  банков при снятии наличных в ЛНР», - говорится в сообщении. 
3	Эксперт: война на востоке Украины близится к завершению - РИА Новости Украина	"В эфире радиостанции Голос Столицы координатор экспертных групп реанимационного пакета реформ Вадим Миский сказал, что сообщение от властей ДНР и ЛНР о переносе выборов на следующий год, дает надежду на то, что война близится к завершению. ""Это определенная ..."
	Эксперт: Украина не регистрирует детей, потерявших родителей в зоне боевых действий - From-ua.com	 Несмотря на полтора года военных  действий  в Донбассе, Украиной не были урегулированы многие вопросы, связанные с регистрацией детей-сирот с оккупированных территорий на территории  Украины . Об этом в интервью ZN.UA рассказала эксперт по правам ребенка Людмила ... 
1	Яценюк заявил о блокировании боевиками ДНР и ЛНР гуманитарной помощи	Премьер-министр Арсений Яценюк заявил, что боевики самопровозглашенных Донецкой и Луганской народных республик (ДНР и ЛНР) заблокировали доставку гуманитарной помощи для жителей Донбасса.
3	Яценюк нашел доказательства цинизма боевиков ДНР	Премьер-министр Украины Арсений Яценюк обвинил вооруженные подразделения ДНР-ЛНР в блокировании международной гуманитарной помощи на контролируемой ими территории Донбасса. Об этом он заявил сегодня на встрече с представителями международных гуманитарных организаций.
	Яценюк: Боевики заблокировали доступ к гуманитарной помощи	Премьер-министр Арсений Яценюк заявил о том, что боевики заблокировали гуманитарную помощь для жителей Донбасса. Об этом он сказал на встрече с представителями международных гуманитарных организаций для обсуждения практических путей защиты людей на захваченных Россией территориях.
1	Яценюк: боевики заблокировали поставки гумпомощи на Донбасс	Боевики заблокировали поставки международной гуманитарной помощи на Донбасс. Об этом заявил премьер-министр Украины Арсений Яценюк на встрече с представителями международных гуманитарных организаций, передает пресс-служба Кабмина.
0	"ИГ сообщило о ликвидации ""Ангела смерти"", делавшего из боевиков ""шварму"""	"Террористическая группировка ""Исламское государство"" утверждает, что уничтожило самого известного шиитского боевика в Ираке. Аюба Фалеха аль-Рубаи."
0	Борьба с ИГИЛ в Ираке: авиаудары ВВС Франции - euronews	 ВВС Франции, в том числе самолеты “Мираж”, нанесли  авиаудары  по позициям группировки  ИГИЛ  на территории Ирака в районе Эль-Кайм, расположенного на границе с Сирией. Минобороны Франции во вторник сообщило, что в результате ... 
0	"Боевики ИГ опубликовали видео казни ""русского шпиона"""	"Террористическая организация ""Исламское государство"" опубликовала видео казни ""русского шпиона"". Боевики ИГ утверждают, что казненный был агентом ФСБ."
0	Британская авиация нанесла первые удары по ИГ в Сирии	"В операции были задействованы два самолета Tornado, которые благополучно вернулись на авиабазу ""Акротири"" на Кипре. На позиции ИГ было сброшено шесть бомб Paveway."
0	Британия нанесла первые авиаудары по ИГИЛ в Сирии - РБК	 Несколько часов назад, в ночь на 3 декабря, парламент Великобритании проголосовал за военную операцию в Сирии. За то, чтобы страна начала наносить  авиаудары  по  ИГИЛ  в Сирии, высказались 397 парламентариев, 223 проголосовали ... 
0	Королевские ВВС Великобритании ночью нанесли первые авиаудары по ИГИЛ - Эксперт Украина	 Четыре бомбардировщика вылетели с британской базы на Кипре спустя два часа после голосования, в ходе которого парламент поддержал  авиаудары  против  ИГИЛ  в Сирии с перевесом в 174 голоса в пользу такого решения. 
0	Французская авиация нанесла авиаудары по террористам ИГИЛ - Час Пик	" Французская авиация нанесла несколько авиаударов по позициям террористов ""Исламского государства"" в Ираке. Передовые позиции боевиков были уничтожены. Бомбардировка произошло на фоне начала новой наступательной операции ... "
0	Британские истребители нанесли первые авиаудары по позициям ИГИЛ - Noi.md - Новости Молдова	 27 раз print Распечатать font large font small font normal. Британские истребители нанесли первые  авиаудары  по позициям  ИГИЛ . Фото: jurnalul.ro. Считаете ли Вы, что парламентским партиям удастся создать новый проевропейский альянс? - Да. 
0	СМИ: ВВС Израиля уничтожили под Дмаском грузовики, перевозившие ракеты	Израильская авиация разбомбила партию баллистических ракет на военной базе в Аль-Катифе под Дамаском, сообщил 4 декабря Второй канал ИТВ со ссылкой на сирийские источники.
0	Ливанский террорист взорвал себя при попытке ареста	В северном районе Ливана силы безопасности проводили операцию по задержанию исламского экстремиста, подозреваемого в причастности к терроризму. Во время операции был совершен теракт.
0	В Йемене убит губернатор Адена	Губернатор Адена Джафар Мухаммад Саад был убит утром 6 декабря в результате теракта. Неизвестные обстреляли из ручных противотанковых гранатометов конвой, в котором находился чиновник.
0	Международная коалиция нанесла авиаудары по Ракке в Сирии: убиты 32 боевика ИГИЛ - Голос UA	" В целом коалиция нанесла более 15 авиаударов по позициям "" ИГИЛ "" в сельской местности неподалеку от столицы провинции Ракка, города Ракка. Напомним, ранее сегодня, 6 декабря, сообщалось, что Международная коалиция в ноябре ... "
0	"В Иране арестованы десятки активистов ""Исламского государства"""	Глава управления борьбы с компьютерной преступностью полиции Ирана Камаль Хадианфар заявил, что его подчиненные задержали 53 человека, причастных к работе сайта, поддерживающего ИГ.
0	Война в Сирии 2015, новости сегодня, 08.12.2015: коалиция бомбит сирийскую армию - RSUTE	 Военные действия в  Сирии  продолжаются полным ходом. Ситуация усугубляется тем, что международная коалиция во главе с США стала наносить удары по позициям сирийской армии. Накануне в результате подобного обстрела пострадали несколько военных объектов армии  Сирии . 
0	СМИ: боевики ИГ казнили еще пятерых россиян	"Российские СМИ сообщили 8 декабря о казни еще пятерых граждан России боевиками ""Исламского государства""."
0	Британия впервые атаковала с воздуха позиции «Исламского государства» - Ракурс	 Накануне, несмотря на массовые протесты в стране, парламент Великобритании одобрил присоединение к коалиции против  ИГИЛ . Военно-воздушные силы Британии будут наносить  авиаудары  по террористам в Сирии. Это предложение ... 
0	Удары ВКС РФ в Сирии сегодня видео: Авиаудары по ИГИЛ из Средиземного моря - СаратовБизнесКонсалтинг	В соответствии с решением Верховного Главнокомандующего Вооруженными Силами Российской Федерации с 5 декабря 2015 года увеличена интенсивность ударов по объектам  ИГИЛ  и других экстремистских организаций на территории ...
0	В ходе ночной операции в лагере беженцев Каландия ранены трое военнослужащих ЦАХАЛа	В ходе операции по задержанию подозреваемых в причастности к террористической деятельности в лагере беженцев Каландия, к северу от Иерусалима, были ранены трое военнослужащих ЦАХАЛа.
0	Бундесвер впервые нанес авиаудары по ИГИЛ в Сирии - MIGnews.com.ua	" В ночь на среду, 16 декабря, бундесвер впервые принял участие в нанесении авиаударов по позициям боевиков террористической организации ""Исламское государство"" (ИГ) в Сирии. Об этом заявил представитель оперативного командования ... "
0	СМИ: Турция задержала 27 российских кораблей	Как сообщает турецкая газета Haberturk, кризис в отношениях между Москвой и Анкарой продолжает углубляться. В портах Турции было одновременно задержаны 27 российских судов.
1	Кажется, российские авиаудары по Сирии больше вредят мирному населению, чем ИГИЛ - Inopressa	" ""За два месяца бомбардировок Сирии Россия причинила много косвенного ущерба"", - сообщает Джаред Мэлсин в американском журнале Time и приводит примеры: почтовое отделение (17 погибших мирных жителей), 4 больницы, рынок (30 ... "
1	Белый дом: Россия усилила авиаудары по позициям ИГИЛ - MIGnews.com.ua	 Выходя из данных карт российских авиаударов, которые подготовило британское правительство, видно, что по состоянию на прошлую неделю, количество авиаударов ВВС РФ по территориям в Сирии, не занятым  ИГИЛ , не сильно изменилось. 
1	The Times: Россия строит в Сирию вторую базу ВВС	Как сообщает британская газета The Times, Россия намерена расширить свое военное присутствие в Сирии. Начаты работы по оборудованию авиабазы в провинции Хомс.
1	Турция нейтрализовала российские зенитно-ракетные комплексы С-400 в Сирии - Обозреватель	 Зенитно-ракетные комплексы С-400, которые Россия перебросила в приграничные с Турцией регионы  Сирии , чтобы прикрыть свои бомбардировщики от турецких ВВС были выведены со строя. Из-за установки Анкарой новейших радиоэлектронных комплексов Koral, делающих ... 
1	Кажется, российские авиаудары по Сирии больше вредят мирному населению, чем ИГИЛ - Inopressa	" ""За два месяца бомбардировок Сирии Россия причинила много косвенного ущерба"", - сообщает Джаред Мэлсин в американском журнале Time и приводит примеры: почтовое отделение (17 погибших мирных жителей), 4 больницы, рынок (30 ... "
1	Война в Сирии, последние новости 2.12.2015: Ргоссия наращивает своё присутствие в Сирии - Слово без границ	  Война  в  Сирии  2015 последние новости видео. В понедельник 30.11.2015 российские истребители Су-24 в первый раз вылетели на выполнение своих боевых задач на территории  Сирии  с бомбами ОФАБ-500 и КАБ-500, и с ракетами «воздух-воздух» для защиты. Ракеты оборудованы ... 
1	Авиация США сконцентрировала авиаудары на нефтяных вышках боевиков ИГИЛ - Joinfo.ua	 Авиация США начала осуществлять больше авиаударов по объектам нефтяной промышленности, которые находятся под контролем террористов  ИГИЛ  и по конвоям для транспортировки нефти, передает Joinfo.ua со ссылкой на BBC. 
1	Запад решил покончить с ИГИЛ: Британия голосует за авиаудары, США удваивают усилия - Обозреватель	 Сегодня, 2 декабря, члены британского парламента будут обсуждать участие страны в борьбе с Исламским государством. 10-часовые дебаты закончатся голосованием, определяющим, присоединится ли Британия к бомбардировкам  ИГИЛ . 
1	Британский парламент одобрил авиаудары по ИГИЛ в Сирии - euronews	В среду вечером британский парламент одобрил нанесение авиаударов ВВС королевства по позициям террористической группировки  ИГИЛ  в Сирии. Предложение премьер-министра Дэвида Кэмерона начать бомбардировки террористов ...
1	"Британский парламент разрешил ВВС наносить авиаудары по ИГИЛ - Интернет-газета ""Вести"""	Парламент Великобритании санкционировал участие страны в воздушной операции против боевиков террористической группировки «Исламское государство» на территории Сирии. Об этом сообщает Reuters. За это решение высказались 397 ...
1	Война в Сирии, последние новости 2.12.2015: Российская сторона намерена увеличивать количество армии в Сирии - e-rus.ru	  Война  в  Сирии , последние новости 2.12.2015: Уже появилась информация о том, что российские военные собираются открыть новую военную базу на территории  Сирии . Новая база будет располагаться на расстоянии 35 километров от Хомса в юго-восточной стороне. По подсчетам ... 
1	Война в Сирии 2015 последние новости видео: США размещают силы спецреагирования на территории Ирака для проведения боевых действий в ... - e-rus.ru	  Война  в  Сирии  2015 последние новости видео: Во вторник на конгрессе в Соединенных Штатах Америки министр обороны заявил, что американские военные размещаются на территории Ирака. Туда Америка отправила военные силы особого реагирования. Данное действие связано ... 
1	Война в Сирии, последние новости 4.12.2015: Британия наращивает авиаудары по ИГИЛ - RSUTE	 Война в Сирии, последние новости 4.12.2015: На территории Сирии Великобритания решила увеличить количество своих самолетов, которые будут бомбардировать  ИГИЛ . После выдачи властями определенного указа в Сирию было ... 
1	Аль-Раи: иранские ВВС планируют присоединиться к операции против ИГ в Сирии	"Кувейтская газета утверждает, что Иран планирует в скором времени присоединиться к операции против ""Исламского государства"" в Сирии."
1	Франция готовит авиаудары по позициям ИГИЛ в Ливии - Голос UA	" Так, французские ВВС провели разведывательные и наблюдательные полеты над Ливией, в том числе над районами, которые контролируются ""Исламским государством"".По данным документа, две разведывательные миссии состоялись 20 и ... "
1	Война в Сирии, последние новости на сегодня 5.12.15: Как ведут борьбу с ИГИЛ страны мира - RSUTE	  Война  в  Сирии , последние новости на сегодня 5.12.15: Британия готова к решительным ударам по «Исламскому государству» и накануне уже отправила туда дополнительные истребителей. Великая Британия нашла себе союзников в лице Соединенных Штатов и Франции, с которыми ... 
1	Турция угрожает ответить на провокацию российских моряков в проливе Босфор	"Министр иностранных дел Турции Мевлют Чавушоглу охарактеризовал как провокацию инцидент, который произошел во время прохождения через пролив Босфор российского десантного корабля ""Цезарь Куников""."
1	Война в Сирии последние новости: Правительственные войска осадили боевиков в городе Баркум, что на юге Алеппо - Новости сегодня - SolusNews.com	 Совсем недавно сирийская армия одержала стратегическую победу и оттеснила боевиков от города Хан Тумен, что на юго-западе провинции Алеппо. Сейчас источники полностью уверенны, что город Хан Тумен перейдет под полный контроль Асада, ведь боевики отступили с ... 
1	Ynet: египетские военные самолеты нарушали границу с Израилем в районе Синая	"Сайт Ynet и газета ""Едиот Ахронот"" пишут о том, что в течение последних месяцев египетские военные самолеты несколько раз нарушали воздушную границу Израиля, действуя в районе Шейх Зуэйда и Эль-Ариша."
1	Сирия, война продолжается — теракт в Хомсе. Репортаж с места трагедии [18+] - News Front - новости Новороссии, ЛНР, ДНР	 Этажом ниже, под нами живёт женщина, у неё трое сыновей, один погиб в прошлом году под Хомсем. Здесь, в  Сирии , после 3,5 лет тяжелой опустошительной  войны война  пришла практически в каждый дом. Кто-то потерял близких, кто-то лишился дома, всего нажитого. В самом лучшем ... 
1	Террористы ИГИЛ готовят наступление за пределы Сирии - Обозреватель	" Он уточнил, что речь идет о районах в Ливии и на территории Синайского полуострова. ""Они присматриваются к нефтяным объектам в  Сирии  и других местах. Мы будем готовы [к возможной атаке]"", — заявил чиновник. По данным Минфина США, ИГ получает $40 млн от продажи нефти ... "
1	Правозащитники обвиняют Россию в гибели 152 сирийских детей	"Как пишет лондонская ""Аш-Шарк аль-Аусат"", за три месяца, прошедшие после вмешательства России в сирийскую гражданскую войну, жертвами российских бомбардировок стали 570 мирных жителей."
1	Суданских беженцев депортируют из Иордании	Иордания приступила к депортации находящихся в королевстве граждан Судана. Ранним утром группа из 750 человек была доставлена в международный аэропорт Аммана, откуда самолетами их доставили в Хартум. На территории Хашимитского королевства проживает около 3.000 суданцев, бежавших из охваченной гражданской войной страны.
1	"Война в Сирии 2015 последние новости, видео: спецназ США приступил к поддержке сухопутных операций в Сирии - ""Что происходит?"""	  Война  в  Сирии  2015 последние новости видео – На своем выступлении в Пентагоне Барак Обама сообщил, что спецназ Америки направлен в Сирию для поддержания сирийской армии в борьбе с боевиками. Пентагон, в свою очередь, уточнил, что число направленных в  Сирии  солдат ... 
3	"Морской эксперт Войтенко: ""Турция может задушить сирийскую операцию РФ"""	"Главный редактор ""Морского бюллетеня"", известный эксперт по вопросам судоходства Михаил Войтенко опубликовал комментарий под заголовком ""Турция может задушить сирийскую операцию РФ без единого выстрела""."
3	Египет сообщил о скором возобновлении авиасообщения с Россией	Представители египетских властей утверждают, что в ближайшие дни будет восстановлено авиационное сообщение Египта с Россией и Великобританией.
3	Бундесвер отправится в Сирию: война Меркель - inoСМИ.Ru	 Из этого конфликта не видно выхода. Там присутствует слишком много сторон, которые преследуют слишком разные интересы. Но теперь  война  в  Сирии  стала и нашей войной. Почему? По причине любви к Франции — в принципе, веская причина. Но не настолько веская, чтобы из-за ... 
3	Обзор карты боевых действий в Сирии 3 декабря 2015 года, война в Сирии ситуация сегодня - Слово без границ	 Видео-обзор карты боевых действий на 28 ноября 2015 года и обзор перспектив вооруженных сил Российской Федерации на территории Сирийской Арабской Республики и Ирака Обзор боев в Ираке Обзор боев Йемена и коалицией во главе с Саудовской Аравией.  Сирия , последние ... 
3	Сирия последние новости сегодня, 4 декабря 2015: война в стране - Информационно-новостной портал 07KBR	 Военное руководство Соединенных Штатов регулярно связывается с российскими коллегами, чтобы любой ценой избежать конфликтов и столкновений военных контингентов в  Сирии . Как заявили в Пентагоне, Вашингтон созванивается с Москвой дважды в сутки. Пентагон подчеркнул ... 
3	Багдад обвиняет США в агрессии - Эксперт Online	 После терактов в Париже к американцам присоединилась Франция. В четверг, на следующий день после одобрения парламента, первые удары по нефтяным месторождениям джихадистов в  Сирии  нанесли самолеты ВВС Великобритании. Уже на следующей неделе в небе  Сирии  могут появиться и немецкие военные самолеты  ...  
3	Главарь отделения ИГ на Синае прибыл в Газу на переговоры с ХАМАС	"Лидер террористической организации ""Вилайят Синай"", присягнувшей ""Исламскому государству"", посетил сектор Газы и встретился с руководством боевого крыла палестинской группировки ХАМАС."
3	Глава МИД Франции заявил, что в немедленной отставке Асада нет необходиомсти	Министр иностранных дел Франции Лоран Фабиус сказал 5 декабря, что не видит необходимости в отставке Башара Асада с поста президента Сирии в качестве предварительного условия для политических перемен.
3	"Джон Керри пригрозил России и Ирану ""жесткими мерами"" за поддержку Асада"	"США будут вынуждены принять ""жесткие меры"" в случае, если Россия и Иран продолжат поддерживать президента Сирии Башара Асада и будут блокировать процесс политической передачи власти в Сирии."
3	Асад рассказал, в чем отличия результатов операции ВКС РФ и коалиции - Эксперт Online	" В свою очередь действия Великобритании и Франции на данный момент незаконны, считает глава сирийского государства, так как воздушные операции в  Сирии  проводятся без согласия руководства страны. ""Это (операция в  Сирии ) является законным только в том случае, когда ... "
3	ИГ взяло на себя ответственность за убийство губернатора Адена	"Террористическая группировка ""Исламское государство"" взяла на себя ответственность за теракт, в результате которого погиб губернатор провинции Аден Джафар Мухаммад Саад."
3	Война в Сирии, последние новости на сегодня 6.12.15: Почему страны не могут примириться - RSUTE	  Война  в  Сирии , последние новости на сегодня 6.12.15: Более двух недель прошло с момента, когда турецкие военные сбили российский самолет Су-24. Вот только страны не могут найти общего знаменателя в дипломатических беседах, так как Путин напрочь отказался от общения с ... 
3	"Асад: ""Тот, кто поддерживает террор, не может его победить"""	Президент Сирии Башар Асад в интервью британской газете Sunday Times заявил, что действия Великобритании и Франции в Сирии обречены на провал. Им он противопоставил Россию.
3	Сирии ей мало - Эксперт Online	 Судя по всему, речь идет не о временном пересечении границы для преследования боевиков РПК, и не о полулегальных операциях по обучению бойцов курдского ополчения «пешмерга», которые турки проводят в Ираке уже давно. На этот раз группировка вторжения насчитывает 130 ... 
3	Асад считает незаконными британские авиаудары по позициям ИГИЛ в Сирии - Публичные люди	 Сирийский лидер Башар Асад назвал британские  авиаудары  по позициям  ИГИЛ  в Сирии незаконными. В интервью британской газете Sunday Times он сказал, что авианалеты приведут всего лишь к дальнейшему распространению того, что он ... 
3	Коалиция опровергает сообщения об атаке позиций сирийской армии	Возглавляемая США международная коалиция опровергла сообщение Syrian Observatory for Human Rights, в соответствии с которым ее самолеты нанесли удар по позициям сирийской армии.
3	США обвиняют в ударе по позициям сирийской армии Россию	США убеждены, что удар по позициям сирийской армии в провинции Дир аз-Зур на востоке Сирии был нанесен российскими ВВС, а не возглавляемой американцами международной коалицией.
3	Ирак присоединился к обвинениям в адрес Турции в финансировании ИГ	"Премьер-министр Ирака Хайдер Аль-Абади заявил в понедельник на встрече с министром иностранных дел Германии, что большая часть контрабандной нефти ""Исламского государства"" переправляется через Турцию."
3	Война в Сирии (новости): В США утверждают что удар по армии Асада нанесла авиация России - Новости сегодня - SolusNews.com	 Военные США убеждены, что российская авиация атаковала войска действующего президента  Сирии . Об этом стало известно от анонима, который занимает высокую должность в армии Соединенных Штатов. Он заявил, что это точно не была авиация США, а также коалиционных ... 
3	Обнародованы доказательства переброски российских наемников с Донбасса в Сирию - Обозреватель	 Волонтеры сообщества InformNapalm в ходе изучения профилей в соцсетях российских наемников обнаружили доказательства переброски российских наемников-террористов с Донбасса в Сирию. В частности, в  Сирии  был замечен российский наемник Бушков Валерий Георгиевич. 
3	Эксперты: за год численность иностранцев в ИГ удвоилась	"Отчет, опубликованный нью-йоркской консалтинговой фирмой The Sultan Group, свидетельствует о провале усилий международного сообщества изолировать ""Исламское государство""."
3	МАГАТЭ прекратило расследование подозрений в разработке ядерного оружия Ираном	Международное агентство по атомной энергии закрыло продолжавшееся десять лет расследование подозрений, что Иран разрабатывает ядерное оружие.
3	Женское лицо войны: жительницы Сирии взялись за оружие (фото) - СЕГОДНЯ	 Военный конфликт в  Сирии  продолжается с июня 2012 года (тогда происходящие в стране противостояния и беспорядки были признаны гражданской войной, как ООН, так и Международным комитетом Красного Креста). Всего, по оценкам ООН, за время конфликта погибло 115 тысяч ... 
3	Сирия: последняя война Трубопроводистана. Пепе Эскобар - News Front - новости Новороссии, ЛНР, ДНР	  Сирия  – это энергетическая  война . При том, что суть дела отражает яростную геополитическую конкуренцию двух предлагаемых трубопроводов, это завершающая  война  Трубопроводистана – я давно пользуюсь этим термином для определения имперских энергетических битв 21 века. 
3	Новости Сирии Война в Сирии 2015, последние новости сегодня 16 декабря - RSUTE	 ВКС РФ с начала операции в  Сирии  совершили 4,2 тысячи вылетов. Почти 150 из них провела стратегическая авиация, сообщил журналистам начальник главного оперативного управления Генштаба Сергей Рудской.  Война  в  Сирии  2015: По его словам, за два с половиной месяца ... 
3	Financial Times: ИГ зарабатывает в Сирии и Ираке 900 миллионов долларов в год	"Доступ к нефтяным месторождениям и налоговые поборы с населения позволяют ""Исламское государство"" тратить сотни миллионов долларов на военные расходы, пишет газета The Financial Times."
3	Турция отказалась возместить России ущерб, нанесенный крушением Су-24	Министерство иностранных дел Турции сообщило о том, что не намерено компенсировать России потери, связанные со сбитым турецкими ВВС бомбардировщик Су-24 &#8211; в ответ на затребованные Кремлем компенсацию ущерба и гарантии от повторения подобных инцидентов.
3	Россия признала курдов стороной сирийского урегулирования	Российская Федерация предлагает привлечь сирийских курдов к переговорному процессу по Сирии. Об этом заявил в интервью агентству РИА Новости заместитель министра иностранных дел России.
4	Власти Ирана конфисковали машины у тысяч нескромных водительниц	Тысячи легковых автомобилей были конфискованы полицией Исламской республики Иран в рамках кампании в поддержку скромности. Их водительницы сели за руль, не прикрыв подобающим образом голову.
4	Эксперты ООН: Иран действительно испытал баллистическую ракету, нарушив резолюцию	"Группа экспертов СБ ООН изучила информацию о запуске Ираном баллистической ракеты ""Имад"" 10 октября и пришла к выводу, что данные испытания являются нарушением параграфа 9 резолюции 1929."
4	Постпред РФ: Иран демонтирует ядро реактора в Араке и направит излишки урана в Россию	Иранские специалисты в течение двух-трех недель завершат работы по изъятию каландра на тяжеловодном реакторе в Араке, сообщил журналистам постоянный представитель РФ при международных организациях в Вене.
4	Ясир Абд Раббо лишился последнего поста	"Как сообщает радиостанция ""Решет Бет"" со ссылкой на палестинские СМИ, председатель Палестинской национальной администрации Махмуд Аббас снял бывшего члена руководства ФАТХа Ясира Абд Раббо с поста директора Центра палестинской культуры имени Махмуда Дарвиша."
